1,Ronald Houston,Wed Feb 20 2008,22444 Curtis Greens Bellmouth / HI 87060,Journalist / newspaper,GB09OMOS7918401704645
2,Nathaniel Hawkins,Sat Apr 10 1971,36724 Bennett Fords Suite 051 Danafurt / RI 65769-1439,Loss adjuster / chartered,GB89HDCR7334979203101
3,April Frederick,Thu Jan 06 1977,47227 Robert Mission South Camerontown / MP 10328,Best boy,GB25DRLJ1947147061478
4,Joshua Baxter,Fri Nov 28 2014,3098 Pope Islands Apt. 215 Michaelport / CT 26742,Pension scheme manager,GB05QJZS8594691502089
5,Daniel Haynes,Fri Dec 18 1981,94331 Best Hills Apt. 574 Lake Victoria / AZ 81039-6343,Geologist / engineering,GB78FLRW0087942644355
6,Angela Smith,Thu May 28 1970,12079 Daniel Ports Apt. 188 Susanshire / TX 57140,Biomedical engineer,GB52NHFJ7885299512360
7,Philip Smith,Wed Jun 20 1990,78035 Julie Landing New Brettberg / MS 47394,Scientist / marine,GB46HOVB9431343262206
8,Cassandra Powell,Sun Aug 16 1981,598 Nicholas Mission Port Timothyton / ID 19659,Architect,GB27PEIU7662347517324
9,James Johnson,Wed Jun 28 2000,USNS Miller FPO AP 42552-4604,Chemist / analytical,GB58CFKM6701151335725
10,Jill Hoover,Tue Apr 29 1975,41529 Williams Ramp Apt. 825 South Thomas / MS 11026,Architectural technologist,GB67PAVI3748709736071
